               epoch,      train/box_loss,      train/obj_loss,      train/cls_loss,   metrics/precision,      metrics/recall,     metrics/mAP_0.5,metrics/mAP_0.5:0.95,        val/box_loss,        val/obj_loss,        val/cls_loss,               x/lr0,               x/lr1,               x/lr2
                   0,             0.12311,            0.026673,            0.049724,                   0,                   0,                   0,                   0,             0.11292,            0.021369,            0.047469,            0.070714,            0.003254,            0.003254
                   1,              0.1193,            0.025577,            0.049632,                   0,                   0,                   0,                   0,             0.10814,            0.022031,            0.042904,            0.040649,           0.0065221,           0.0065221
                   2,             0.10807,            0.027196,             0.04426,          0.00028658,            0.037698,          0.00016768,          3.3982e-05,             0.10323,            0.024152,              0.0415,            0.010518,           0.0097242,           0.0097242
                   3,             0.10401,            0.028736,            0.041902,           0.0048053,             0.15328,           0.0033895,          0.00095993,             0.10188,            0.024517,            0.039327,            0.009703,            0.009703,            0.009703
                   4,             0.10549,            0.029282,            0.040672,            0.010935,             0.11768,            0.014702,           0.0035717,               0.101,            0.024275,            0.037407,            0.009703,            0.009703,            0.009703
                   5,             0.10028,            0.027498,            0.037664,             0.41676,            0.059863,            0.038784,            0.011317,            0.091796,            0.032281,              0.0336,            0.009604,            0.009604,            0.009604
                   6,            0.087914,            0.027765,            0.037759,             0.63682,             0.16098,             0.14061,            0.035383,            0.081767,            0.024194,            0.032539,            0.009505,            0.009505,            0.009505
                   7,            0.081889,            0.027726,            0.036983,             0.75104,             0.12642,            0.065636,            0.017131,            0.082084,            0.019282,            0.031557,            0.009406,            0.009406,            0.009406
                   8,            0.077002,             0.02628,            0.036599,             0.62216,              0.2409,             0.15914,            0.054716,            0.074029,            0.025344,            0.030974,            0.009307,            0.009307,            0.009307
                   9,            0.071708,            0.024896,            0.032774,             0.66945,             0.19131,             0.13277,            0.036215,            0.074998,            0.017929,            0.028484,            0.009208,            0.009208,            0.009208
                  10,            0.070487,            0.024227,            0.032359,             0.18682,             0.35682,              0.2237,            0.073186,            0.067289,            0.018891,            0.028195,            0.009109,            0.009109,            0.009109
                  11,            0.065116,            0.023329,            0.031743,             0.31639,             0.42271,             0.33177,             0.10969,            0.060096,            0.017878,            0.025346,             0.00901,             0.00901,             0.00901
                  12,            0.062521,             0.02323,             0.02897,             0.40643,             0.43406,             0.38354,             0.13713,            0.061227,            0.017756,            0.024966,            0.008911,            0.008911,            0.008911
                  13,            0.062379,            0.022042,            0.029778,             0.39939,             0.49332,             0.38565,             0.14902,            0.057093,            0.017123,              0.0234,            0.008812,            0.008812,            0.008812
                  14,            0.059766,            0.021276,             0.02659,             0.48265,             0.57053,             0.45833,             0.16741,            0.053979,            0.015992,            0.022627,            0.008713,            0.008713,            0.008713
                  15,            0.056514,            0.020599,            0.025248,             0.43711,             0.51388,             0.45219,             0.15625,            0.055349,            0.014927,            0.021706,            0.008614,            0.008614,            0.008614
                  16,            0.058438,            0.019984,            0.025544,             0.52363,             0.61539,             0.54828,             0.20648,            0.057013,            0.014452,            0.019549,            0.008515,            0.008515,            0.008515
                  17,            0.057498,            0.019987,            0.023226,             0.38802,             0.61342,             0.50332,             0.18806,            0.057085,            0.014128,            0.019109,            0.008416,            0.008416,            0.008416
                  18,             0.06063,            0.019073,            0.022859,             0.47458,             0.62539,             0.54351,             0.20121,            0.051538,            0.014486,            0.020439,            0.008317,            0.008317,            0.008317
                  19,            0.057672,            0.019297,            0.023738,             0.47198,             0.65983,             0.52222,             0.19595,            0.052085,            0.014133,            0.018894,            0.008218,            0.008218,            0.008218
                  20,            0.054949,            0.017745,            0.023364,             0.53201,             0.68916,             0.60198,             0.23016,            0.049087,            0.013618,            0.017269,            0.008119,            0.008119,            0.008119
                  21,            0.056442,            0.018227,            0.021377,              0.6541,             0.69048,             0.67084,             0.27398,            0.047013,            0.013527,            0.015995,             0.00802,             0.00802,             0.00802
                  22,            0.055369,            0.018741,            0.018525,              0.6069,             0.73878,             0.68122,              0.2753,            0.047931,            0.013362,            0.015016,            0.007921,            0.007921,            0.007921
                  23,            0.053119,            0.016951,            0.019196,              0.6303,             0.73128,             0.72063,              0.2943,            0.049131,            0.013397,              0.0141,            0.007822,            0.007822,            0.007822
                  24,            0.054885,            0.017833,            0.018748,             0.58027,              0.7156,             0.64895,             0.24318,            0.053475,            0.013813,            0.012941,            0.007723,            0.007723,            0.007723
                  25,            0.052412,            0.017447,            0.016969,             0.70582,             0.71487,             0.72726,             0.29266,            0.049414,            0.013728,            0.012907,            0.007624,            0.007624,            0.007624
                  26,            0.052791,            0.017149,             0.01776,             0.76105,              0.7522,             0.78445,             0.31033,            0.046341,            0.012657,            0.011538,            0.007525,            0.007525,            0.007525
                  27,            0.052876,            0.017747,            0.016115,             0.83321,             0.80049,             0.84441,             0.36067,            0.044467,            0.012573,            0.010992,            0.007426,            0.007426,            0.007426
                  28,            0.052409,            0.017686,            0.015751,             0.80834,               0.759,             0.79959,             0.31503,            0.048445,             0.01237,             0.01029,            0.007327,            0.007327,            0.007327
                  29,            0.051287,            0.016289,            0.013674,             0.83677,             0.77774,             0.83794,              0.3597,             0.04445,            0.012463,           0.0098234,            0.007228,            0.007228,            0.007228
                  30,            0.052435,            0.017854,            0.012401,             0.80575,             0.80735,             0.83781,             0.34753,            0.046763,            0.012443,           0.0088411,            0.007129,            0.007129,            0.007129
                  31,            0.051063,            0.016648,            0.012631,             0.84005,             0.80957,             0.84655,             0.34405,            0.047642,            0.012094,            0.008131,             0.00703,             0.00703,             0.00703
                  32,            0.046745,            0.016406,           0.0099234,             0.87185,             0.82585,             0.86082,             0.34674,            0.044204,            0.011842,           0.0081595,            0.006931,            0.006931,            0.006931
                  33,            0.044572,            0.016278,           0.0097115,             0.86329,             0.83318,             0.86647,             0.36064,            0.044288,            0.011745,           0.0072964,            0.006832,            0.006832,            0.006832
                  34,            0.048743,            0.015788,            0.012277,             0.88655,             0.79072,             0.87637,             0.37931,            0.042331,            0.011987,           0.0067615,            0.006733,            0.006733,            0.006733
                  35,            0.047972,              0.0169,            0.011329,             0.86317,             0.83706,             0.87704,             0.38161,            0.042647,            0.012199,           0.0068813,            0.006634,            0.006634,            0.006634
                  36,            0.048705,            0.016154,            0.010325,             0.90773,             0.84627,              0.8902,             0.37557,            0.040717,            0.012026,           0.0061026,            0.006535,            0.006535,            0.006535
                  37,            0.049653,            0.016105,            0.009745,             0.90798,             0.84628,             0.89735,             0.37048,            0.043815,            0.011784,           0.0056248,            0.006436,            0.006436,            0.006436
                  38,            0.045508,            0.016198,           0.0099385,             0.89921,             0.81657,             0.86245,             0.35073,            0.043539,            0.011706,           0.0061756,            0.006337,            0.006337,            0.006337
                  39,            0.047682,            0.016137,            0.010208,             0.91385,             0.84268,             0.89091,             0.38169,            0.043833,            0.011636,           0.0056352,            0.006238,            0.006238,            0.006238
                  40,            0.048962,            0.016322,           0.0094879,             0.89682,             0.80412,             0.85212,             0.33377,            0.047807,             0.01234,           0.0057251,            0.006139,            0.006139,            0.006139
                  41,            0.044003,            0.015878,           0.0079003,             0.91448,             0.87097,              0.9051,             0.38748,            0.045264,             0.01155,           0.0048923,             0.00604,             0.00604,             0.00604
                  42,            0.046826,            0.016037,           0.0097332,             0.94156,             0.86607,              0.9144,             0.41844,            0.042539,            0.011473,            0.004748,            0.005941,            0.005941,            0.005941
                  43,            0.045394,            0.015721,           0.0076416,             0.93507,             0.88409,             0.92827,              0.4223,            0.038139,            0.011161,           0.0047162,            0.005842,            0.005842,            0.005842
                  44,            0.043955,            0.015545,            0.007958,             0.93636,             0.88921,              0.9237,             0.43105,            0.037419,            0.011163,           0.0046014,            0.005743,            0.005743,            0.005743
                  45,            0.044224,            0.015948,           0.0056062,             0.91452,             0.88096,             0.91382,             0.40481,            0.039555,            0.011237,           0.0044039,            0.005644,            0.005644,            0.005644
                  46,            0.046355,            0.015365,           0.0065979,             0.94088,              0.9214,             0.94294,             0.42737,            0.040082,            0.011242,           0.0039836,            0.005545,            0.005545,            0.005545
                  47,            0.044165,            0.015424,           0.0086178,             0.92288,             0.87737,             0.92803,              0.4086,            0.042082,            0.011221,           0.0037886,            0.005446,            0.005446,            0.005446
                  48,            0.043952,             0.01501,           0.0065288,             0.95311,             0.90876,             0.94265,             0.44751,            0.038736,            0.010903,             0.00399,            0.005347,            0.005347,            0.005347
                  49,            0.041786,             0.01511,            0.006208,             0.95597,             0.91049,             0.94058,             0.44809,            0.038945,            0.010965,           0.0037281,            0.005248,            0.005248,            0.005248
                  50,             0.04518,            0.015999,           0.0062266,               0.905,             0.85929,             0.89593,             0.36111,            0.042796,            0.011192,             0.00379,            0.005149,            0.005149,            0.005149
                  51,            0.043391,            0.015642,           0.0067369,             0.92915,             0.88858,             0.92234,             0.40911,            0.040013,            0.011054,           0.0037889,             0.00505,             0.00505,             0.00505
                  52,            0.041737,            0.015237,           0.0065721,              0.9445,             0.90661,             0.93935,             0.44887,            0.038943,             0.01104,            0.003438,            0.004951,            0.004951,            0.004951
                  53,            0.045103,            0.014526,           0.0069635,             0.94825,             0.91256,             0.94214,             0.44249,            0.038689,            0.011058,           0.0033958,            0.004852,            0.004852,            0.004852
                  54,            0.042518,            0.014729,           0.0073032,             0.94851,             0.92164,             0.94519,             0.43873,            0.037457,              0.0108,           0.0036405,            0.004753,            0.004753,            0.004753
                  55,            0.042316,            0.014242,           0.0061865,             0.96721,             0.90745,             0.94733,              0.4469,              0.0385,            0.010986,           0.0034925,            0.004654,            0.004654,            0.004654
                  56,            0.043946,            0.014332,           0.0066113,             0.96568,             0.92159,             0.95243,             0.46572,            0.036119,            0.010704,           0.0035324,            0.004555,            0.004555,            0.004555
                  57,            0.041696,            0.014717,           0.0066257,             0.93815,             0.90495,             0.93722,             0.41729,             0.03923,            0.010767,           0.0034978,            0.004456,            0.004456,            0.004456
                  58,            0.043178,            0.014326,           0.0052267,             0.95941,             0.92527,             0.94938,             0.46422,            0.037239,            0.010436,            0.003102,            0.004357,            0.004357,            0.004357
                  59,             0.03962,            0.014065,           0.0051502,             0.96855,             0.91885,             0.96013,             0.46439,            0.033884,            0.010532,           0.0035444,            0.004258,            0.004258,            0.004258
                  60,            0.040078,             0.01523,           0.0055027,             0.95441,              0.9361,             0.96031,             0.47121,            0.034338,            0.010391,           0.0032275,            0.004159,            0.004159,            0.004159
                  61,            0.040042,            0.014441,           0.0063876,             0.95143,             0.90976,             0.94999,             0.46961,             0.03553,            0.010555,           0.0032691,             0.00406,             0.00406,             0.00406
                  62,            0.040907,            0.014476,           0.0047894,             0.96322,             0.91476,             0.94787,              0.4623,            0.036518,            0.010469,           0.0037447,            0.003961,            0.003961,            0.003961
                  63,            0.040147,            0.015102,           0.0051792,             0.95279,             0.90274,             0.93604,             0.42017,            0.037589,            0.010828,           0.0033561,            0.003862,            0.003862,            0.003862
                  64,            0.039031,            0.014561,           0.0048984,             0.95823,             0.92796,              0.9581,             0.46437,            0.035642,            0.010564,           0.0027724,            0.003763,            0.003763,            0.003763
                  65,            0.040221,            0.014402,           0.0052034,             0.95374,             0.92641,             0.95345,             0.46324,            0.034846,            0.010427,           0.0029079,            0.003664,            0.003664,            0.003664
                  66,            0.040007,            0.014139,           0.0049828,             0.96472,             0.91008,             0.94105,             0.44447,            0.037887,            0.010469,           0.0032021,            0.003565,            0.003565,            0.003565
                  67,            0.038643,            0.014311,            0.005028,             0.96023,             0.90656,              0.9451,              0.4488,            0.034983,            0.010371,           0.0029973,            0.003466,            0.003466,            0.003466
                  68,            0.039787,            0.014066,           0.0049953,             0.96279,             0.91989,             0.95966,             0.47729,            0.034295,            0.010396,             0.00253,            0.003367,            0.003367,            0.003367
                  69,            0.037132,            0.014313,           0.0047756,             0.96642,             0.92912,             0.96054,             0.48751,            0.034687,            0.010264,           0.0022616,            0.003268,            0.003268,            0.003268
                  70,            0.040555,            0.014386,           0.0042823,             0.96984,             0.92579,             0.95999,             0.47542,            0.036864,            0.010187,           0.0023128,            0.003169,            0.003169,            0.003169
                  71,            0.040079,            0.014368,           0.0048955,             0.96465,             0.93242,             0.96374,             0.49407,            0.034141,            0.010067,           0.0024772,             0.00307,             0.00307,             0.00307
                  72,            0.039336,            0.013986,           0.0047426,             0.95828,             0.94158,             0.96225,             0.43845,            0.035306,            0.010167,           0.0024974,            0.002971,            0.002971,            0.002971
                  73,            0.038056,            0.014031,           0.0047337,              0.9667,             0.93897,             0.96255,             0.47621,             0.03515,            0.010248,           0.0025686,            0.002872,            0.002872,            0.002872
                  74,            0.037034,             0.01332,           0.0037368,             0.95689,             0.93686,             0.95822,             0.47387,            0.034293,            0.010181,            0.002471,            0.002773,            0.002773,            0.002773
                  75,            0.035791,            0.013566,           0.0038589,             0.95579,             0.94176,             0.96083,             0.47889,            0.035417,            0.010049,           0.0023179,            0.002674,            0.002674,            0.002674
                  76,             0.03748,            0.013841,           0.0030765,             0.96683,             0.94885,             0.96695,             0.49939,            0.033754,            0.010066,           0.0023843,            0.002575,            0.002575,            0.002575
                  77,            0.038359,            0.013752,           0.0036161,             0.97054,             0.93606,             0.96247,             0.49798,            0.034666,            0.010064,           0.0028335,            0.002476,            0.002476,            0.002476
                  78,            0.037881,            0.013725,           0.0038805,             0.96253,              0.9391,             0.96336,             0.47796,             0.03466,           0.0099999,           0.0026873,            0.002377,            0.002377,            0.002377
                  79,            0.037637,            0.013422,           0.0035248,             0.97446,             0.93948,             0.96936,              0.5058,            0.032279,           0.0099486,           0.0023661,            0.002278,            0.002278,            0.002278
                  80,            0.034678,            0.013774,           0.0042067,             0.97335,              0.9506,             0.97082,             0.50365,            0.032917,            0.009821,           0.0022543,            0.002179,            0.002179,            0.002179
                  81,            0.035062,            0.013621,           0.0031458,              0.9749,             0.94383,             0.97086,             0.50799,            0.031649,            0.009875,            0.002125,             0.00208,             0.00208,             0.00208
                  82,            0.036858,            0.013537,           0.0036073,             0.96976,             0.94574,             0.96808,              0.5075,            0.031875,           0.0098937,           0.0021411,            0.001981,            0.001981,            0.001981
                  83,            0.035219,            0.013652,           0.0036204,             0.97343,             0.95195,             0.97443,             0.50376,            0.033998,           0.0098254,           0.0019586,            0.001882,            0.001882,            0.001882
                  84,             0.03623,            0.013636,           0.0034747,             0.97694,             0.95165,             0.97419,             0.51633,            0.031113,           0.0097036,           0.0018234,            0.001783,            0.001783,            0.001783
                  85,            0.035423,            0.013112,           0.0036684,              0.9762,             0.93954,             0.96802,             0.48163,            0.033573,           0.0099398,           0.0019943,            0.001684,            0.001684,            0.001684
                  86,            0.035778,            0.013949,           0.0036992,             0.97261,             0.94569,             0.97122,              0.4888,            0.032583,           0.0099177,           0.0021349,            0.001585,            0.001585,            0.001585
                  87,            0.035021,              0.0132,           0.0034958,             0.96956,             0.95482,             0.96992,             0.50696,            0.030651,           0.0097918,           0.0020637,            0.001486,            0.001486,            0.001486
                  88,            0.035386,            0.013416,            0.003411,               0.971,             0.96186,             0.97137,             0.50663,            0.031507,           0.0098609,           0.0019026,            0.001387,            0.001387,            0.001387
                  89,            0.034844,            0.013906,           0.0039531,             0.97518,             0.95292,             0.97263,             0.51771,            0.029679,           0.0097649,           0.0019215,            0.001288,            0.001288,            0.001288
                  90,            0.033571,            0.013707,           0.0026784,             0.97746,              0.9471,             0.96667,             0.49388,            0.030948,           0.0098154,           0.0019925,            0.001189,            0.001189,            0.001189
                  91,            0.034677,            0.013262,           0.0030859,              0.9778,             0.94203,             0.96794,             0.51137,            0.030113,            0.009858,           0.0020134,             0.00109,             0.00109,             0.00109
                  92,            0.035188,              0.0135,            0.003656,             0.96941,             0.94213,             0.96658,             0.49931,            0.031896,           0.0097956,           0.0019437,            0.000991,            0.000991,            0.000991
                  93,            0.032651,            0.013143,           0.0030311,             0.97439,             0.95185,             0.96811,             0.50786,            0.032487,           0.0097293,           0.0018135,            0.000892,            0.000892,            0.000892
                  94,            0.033808,            0.012888,           0.0029467,             0.97267,             0.95085,             0.97102,             0.51535,            0.030686,           0.0097084,           0.0017289,            0.000793,            0.000793,            0.000793
                  95,            0.033453,            0.013684,           0.0028926,             0.97517,              0.9482,             0.96997,             0.51651,              0.0303,           0.0097397,           0.0017311,            0.000694,            0.000694,            0.000694
                  96,            0.032578,            0.013514,           0.0026107,              0.9736,             0.95506,             0.97324,             0.52062,            0.029519,           0.0096579,           0.0017738,            0.000595,            0.000595,            0.000595
                  97,            0.033387,            0.013324,           0.0034191,             0.97878,             0.95087,             0.97199,             0.50909,            0.030227,           0.0096654,           0.0017246,            0.000496,            0.000496,            0.000496
                  98,            0.032761,            0.013392,           0.0028037,             0.97586,             0.95462,             0.97244,             0.51386,            0.029621,           0.0096477,           0.0016413,            0.000397,            0.000397,            0.000397
                  99,             0.03299,            0.013183,           0.0023577,             0.97542,             0.95285,             0.97097,             0.51753,            0.029045,            0.009643,            0.001622,            0.000298,            0.000298,            0.000298
