epoch,time,train/box_loss,train/cls_loss,train/dfl_loss,metrics/precision(B),metrics/recall(B),metrics/mAP50(B),metrics/mAP50-95(B),val/box_loss,val/cls_loss,val/dfl_loss,lr/pg0,lr/pg1,lr/pg2
1,18.511,4.16015,21.2259,2.15522,0.00024,0.05162,8e-05,3e-05,3.84448,56.0313,2.09115,0.00027,0.00027,0.00027
2,33.945,3.24348,4.82758,1.39585,0.53781,0.09268,0.08459,0.03344,2.70697,3.56575,1.23483,0.000546945,0.000546945,0.000546945
3,53.2472,2.90144,3.52455,1.21588,0.09858,0.3035,0.06582,0.02299,2.45621,41.2702,1.16389,0.000820779,0.000820779,0.000820779
4,70.5741,2.76294,3.02129,1.19416,0.4205,0.34515,0.31642,0.12293,2.38207,2.449,1.15282,0.000983335,0.000983335,0.000983335
5,83.5799,2.59824,2.58763,1.13131,0.54346,0.39589,0.40376,0.1462,2.35051,2.01334,1.10784,0.00097778,0.00097778,0.00097778
6,113.049,2.53255,2.44041,1.10797,0.6823,0.54011,0.56935,0.20531,2.32149,1.86386,1.10512,0.000972225,0.000972225,0.000972225
7,125.789,2.42348,2.1921,1.1103,0.67293,0.64048,0.68825,0.28115,2.08245,1.63916,1.05206,0.00096667,0.00096667,0.00096667
8,156.529,2.38037,2.03156,1.08582,0.74891,0.61239,0.69223,0.25743,2.1781,1.54215,1.066,0.000961115,0.000961115,0.000961115
9,169.018,2.35799,1.97081,1.07125,0.82495,0.65045,0.73869,0.30935,2.04977,1.41254,1.03677,0.00095556,0.00095556,0.00095556
10,195.266,2.31004,1.87111,1.0497,0.81055,0.74089,0.79594,0.36219,1.93429,1.32383,1.01283,0.000950005,0.000950005,0.000950005
11,215.358,2.29637,1.92549,1.0658,0.82332,0.76401,0.81451,0.35107,1.95824,1.24226,1.01675,0.00094445,0.00094445,0.00094445
12,228.578,2.24872,1.73046,1.0545,0.85869,0.72191,0.78652,0.34296,1.98891,1.2905,1.01682,0.000938895,0.000938895,0.000938895
13,252.018,2.21597,1.72472,1.04334,0.80599,0.71977,0.78141,0.30192,2.07031,1.34547,1.02414,0.00093334,0.00093334,0.00093334
14,268.897,2.1855,1.67558,1.03526,0.88518,0.74796,0.82482,0.35069,1.9893,1.2414,1.01706,0.000927785,0.000927785,0.000927785
15,286.153,2.17229,1.63884,1.03477,0.91129,0.74076,0.82897,0.37157,1.9276,1.18479,1.00247,0.00092223,0.00092223,0.00092223
16,306.23,2.13662,1.59976,1.01605,0.89685,0.69817,0.7931,0.33704,1.97068,1.20813,1.00044,0.000916675,0.000916675,0.000916675
17,323.19,2.0698,1.54204,1.01368,0.91143,0.78125,0.84563,0.37171,1.93314,1.17136,1.00115,0.00091112,0.00091112,0.00091112
18,343.483,2.12404,1.63406,1.03433,0.86446,0.74373,0.80047,0.3308,2.00207,1.18431,1.01259,0.000905565,0.000905565,0.000905565
19,356.159,2.08872,1.54746,1.00315,0.89642,0.78423,0.86961,0.38901,1.89588,1.14542,0.98982,0.00090001,0.00090001,0.00090001
20,382.457,2.05438,1.50538,1.03044,0.89513,0.76973,0.83735,0.36625,1.96861,1.15147,0.99988,0.000894455,0.000894455,0.000894455
21,400.119,2.10232,1.55267,1.02124,0.91323,0.75159,0.85312,0.38635,1.89848,1.15226,0.98457,0.0008889,0.0008889,0.0008889
22,413.13,2.11123,1.55904,1.02407,0.90674,0.77666,0.84827,0.36871,1.92721,1.10609,1.00345,0.000883345,0.000883345,0.000883345
23,437.376,2.10322,1.5192,1.00286,0.89745,0.79317,0.84824,0.36942,1.96179,1.16201,1.0008,0.00087779,0.00087779,0.00087779
24,454.305,2.11739,1.53395,1.02004,0.90817,0.76002,0.84754,0.38049,1.93425,1.10448,0.99941,0.000872235,0.000872235,0.000872235
25,470.432,2.03279,1.45169,1.00451,0.90411,0.80285,0.85881,0.39035,1.87216,1.08788,0.98171,0.00086668,0.00086668,0.00086668
26,490.415,1.98295,1.33384,0.99158,0.92789,0.79086,0.86857,0.40979,1.82771,1.06398,0.97377,0.000861125,0.000861125,0.000861125
27,503.633,2.04289,1.44724,0.98733,0.92198,0.82171,0.88514,0.38018,1.92019,1.05326,0.98323,0.00085557,0.00085557,0.00085557
28,527.915,2.02442,1.45204,0.99402,0.91461,0.82166,0.88021,0.39485,1.89287,1.05279,0.98316,0.000850015,0.000850015,0.000850015
29,544.314,1.96115,1.32085,0.98971,0.93304,0.80868,0.87021,0.37973,1.92967,1.07543,0.99068,0.00084446,0.00084446,0.00084446
30,561.697,1.98894,1.34019,0.98693,0.92064,0.82387,0.88945,0.40237,1.86946,1.04848,0.97576,0.000838905,0.000838905,0.000838905
31,574.485,1.98552,1.36315,0.98105,0.93086,0.85611,0.90861,0.42239,1.84117,0.98076,0.97435,0.00083335,0.00083335,0.00083335
32,601.294,1.96267,1.37975,0.98179,0.93045,0.85214,0.90508,0.42021,1.82157,0.95916,0.96898,0.000827795,0.000827795,0.000827795
33,618.285,2.008,1.3721,0.97431,0.91763,0.85549,0.90317,0.41406,1.84008,0.97972,0.9694,0.00082224,0.00082224,0.00082224
34,630.882,2.01527,1.35124,0.97855,0.94922,0.85966,0.92269,0.43951,1.80636,0.95479,0.96841,0.000816685,0.000816685,0.000816685
35,657.553,1.97545,1.32855,0.9702,0.93224,0.85748,0.91854,0.41702,1.85816,0.97958,0.97181,0.00081113,0.00081113,0.00081113
36,674.476,1.98136,1.36865,0.97721,0.89747,0.81946,0.88013,0.39741,1.89724,0.99377,0.9789,0.000805575,0.000805575,0.000805575
37,692.454,1.95905,1.32029,0.97567,0.94135,0.82458,0.90195,0.40734,1.90707,1.0226,0.98279,0.00080002,0.00080002,0.00080002
38,710.824,1.87554,1.2601,0.97372,0.9409,0.79601,0.88836,0.4101,1.84642,0.98902,0.97038,0.000794465,0.000794465,0.000794465
39,727.873,1.92631,1.24815,0.96519,0.93008,0.86222,0.91718,0.4501,1.75884,0.94105,0.95582,0.00078891,0.00078891,0.00078891
40,747.899,1.96156,1.30567,0.98143,0.94783,0.82857,0.90493,0.42873,1.81002,0.98554,0.96585,0.000783355,0.000783355,0.000783355
41,766.91,1.91472,1.2471,0.96079,0.93268,0.83255,0.8903,0.42019,1.81804,0.98845,0.97074,0.0007778,0.0007778,0.0007778
42,784.544,1.90087,1.25842,0.97146,0.92451,0.87082,0.89948,0.40994,1.82239,0.97585,0.97075,0.000772245,0.000772245,0.000772245
43,802.31,1.91124,1.24895,0.959,0.89855,0.85467,0.90499,0.4134,1.83627,0.99217,0.96561,0.00076669,0.00076669,0.00076669
44,819.441,1.95302,1.28483,0.97079,0.90156,0.84202,0.90677,0.42316,1.82888,0.97137,0.97113,0.000761135,0.000761135,0.000761135
45,837.341,1.92547,1.26936,0.96503,0.91376,0.87459,0.91661,0.44536,1.79425,0.93813,0.96121,0.00075558,0.00075558,0.00075558
46,856.499,1.89102,1.27638,0.96227,0.95063,0.8507,0.91949,0.43457,1.8217,0.93749,0.96123,0.000750025,0.000750025,0.000750025
47,874.377,1.89013,1.23412,0.97368,0.92956,0.84963,0.91166,0.42005,1.88381,0.94339,0.97234,0.00074447,0.00074447,0.00074447
48,892.184,1.89694,1.2671,0.96471,0.93092,0.85006,0.89924,0.42045,1.84536,0.95317,0.96382,0.000738915,0.000738915,0.000738915
49,909.419,1.88211,1.2137,0.95455,0.92771,0.85896,0.90767,0.43239,1.85272,0.95863,0.96854,0.00073336,0.00073336,0.00073336
50,928.241,1.82995,1.20276,0.95271,0.93398,0.85028,0.90739,0.43284,1.78866,0.92983,0.95352,0.000727805,0.000727805,0.000727805
51,941.725,1.86613,1.21947,0.95161,0.94949,0.8669,0.92915,0.433,1.8187,0.93287,0.95858,0.00072225,0.00072225,0.00072225
52,965.655,1.85375,1.17579,0.95039,0.95229,0.85628,0.92592,0.45403,1.7418,0.92036,0.95101,0.000716695,0.000716695,0.000716695
53,987.017,1.87307,1.24595,0.95008,0.9117,0.86588,0.91042,0.42816,1.81954,0.95378,0.9652,0.00071114,0.00071114,0.00071114
54,1004.59,1.8647,1.19553,0.96224,0.9335,0.85603,0.90998,0.41182,1.89641,0.93708,0.98096,0.000705585,0.000705585,0.000705585
55,1022.92,1.85286,1.18592,0.95309,0.94243,0.84859,0.91908,0.41899,1.84485,0.95158,0.96899,0.00070003,0.00070003,0.00070003
56,1040.6,1.82056,1.17856,0.95126,0.95269,0.86264,0.92679,0.43712,1.80807,0.90974,0.95718,0.000694475,0.000694475,0.000694475
57,1058.62,1.84744,1.19858,0.94525,0.9255,0.85912,0.91723,0.4437,1.77404,0.91388,0.95399,0.00068892,0.00068892,0.00068892
58,1071.52,1.81909,1.14289,0.96275,0.9193,0.87439,0.92662,0.44493,1.79569,0.90762,0.95351,0.000683365,0.000683365,0.000683365
59,1095.91,1.80621,1.13492,0.94524,0.92706,0.85952,0.91524,0.43702,1.81866,0.90195,0.95443,0.00067781,0.00067781,0.00067781
60,1113.54,1.83556,1.20925,0.95529,0.93937,0.88187,0.9289,0.44534,1.78504,0.88487,0.94797,0.000672255,0.000672255,0.000672255
61,1130.89,1.8037,1.15095,0.94948,0.92701,0.86768,0.91662,0.43983,1.79907,0.89105,0.95677,0.0006667,0.0006667,0.0006667
62,1149.04,1.80662,1.1217,0.95303,0.93088,0.86798,0.92224,0.4262,1.8331,0.92519,0.96018,0.000661145,0.000661145,0.000661145
63,1167.36,1.8815,1.21758,0.94123,0.93365,0.87131,0.92328,0.43928,1.78237,0.89988,0.95211,0.00065559,0.00065559,0.00065559
64,1185.01,1.77238,1.13412,0.94232,0.93314,0.87207,0.93778,0.44247,1.79702,0.88366,0.95377,0.000650035,0.000650035,0.000650035
65,1202.61,1.76557,1.10354,0.93648,0.91374,0.87075,0.92542,0.42999,1.84169,0.92829,0.96396,0.00064448,0.00064448,0.00064448
66,1220.86,1.85695,1.19346,0.94998,0.94792,0.85128,0.92388,0.43972,1.83022,0.90162,0.95918,0.000638925,0.000638925,0.000638925
67,1239.3,1.75937,1.09391,0.93623,0.92455,0.88052,0.92103,0.44933,1.76366,0.89201,0.9477,0.00063337,0.00063337,0.00063337
68,1256.96,1.81167,1.1668,0.94788,0.91427,0.9111,0.93275,0.45984,1.71207,0.84902,0.93932,0.000627815,0.000627815,0.000627815
69,1277.3,1.76021,1.11027,0.93379,0.93654,0.89773,0.93867,0.46762,1.69818,0.85058,0.9369,0.00062226,0.00062226,0.00062226
70,1298.61,1.76782,1.13965,0.9461,0.93724,0.8971,0.93885,0.4652,1.72296,0.85667,0.93589,0.000616705,0.000616705,0.000616705
71,1315.78,1.76624,1.1154,0.93026,0.95318,0.87936,0.93594,0.46405,1.75696,0.87657,0.94035,0.00061115,0.00061115,0.00061115
72,1333.63,1.79496,1.14441,0.93814,0.94181,0.8903,0.9403,0.45071,1.76262,0.87912,0.94558,0.000605595,0.000605595,0.000605595
73,1351.24,1.76975,1.12946,0.93997,0.95481,0.89592,0.94794,0.48352,1.70678,0.83743,0.93897,0.00060004,0.00060004,0.00060004
74,1371.61,1.73404,1.04524,0.91536,0.94005,0.90064,0.93912,0.46709,1.72332,0.84927,0.94004,0.000594485,0.000594485,0.000594485
75,1389.33,1.76062,1.09407,0.94213,0.95355,0.88494,0.94173,0.44329,1.80503,0.86647,0.95429,0.00058893,0.00058893,0.00058893
76,1407.47,1.80141,1.13018,0.93704,0.94772,0.88019,0.93617,0.46288,1.74837,0.86793,0.94801,0.000583375,0.000583375,0.000583375
77,1425.2,1.75447,1.07842,0.92845,0.93488,0.89232,0.93786,0.44426,1.79328,0.87957,0.94818,0.00057782,0.00057782,0.00057782
78,1442.98,1.73556,1.0908,0.92787,0.95419,0.90078,0.94289,0.46317,1.74645,0.84036,0.94452,0.000572265,0.000572265,0.000572265
79,1460.42,1.80188,1.11485,0.93787,0.93575,0.88481,0.93302,0.42136,1.83227,0.87538,0.9572,0.00056671,0.00056671,0.00056671
80,1478.08,1.77036,1.08276,0.93003,0.93531,0.9023,0.94475,0.44639,1.78698,0.85325,0.9468,0.000561155,0.000561155,0.000561155
81,1496.43,1.7115,1.06619,0.92236,0.93289,0.90576,0.95238,0.46638,1.73097,0.85145,0.9445,0.0005556,0.0005556,0.0005556
82,1513.72,1.70649,1.06428,0.9262,0.95606,0.90645,0.94927,0.4685,1.73127,0.82648,0.94168,0.000550045,0.000550045,0.000550045
83,1531.81,1.7022,1.06576,0.94061,0.95109,0.89073,0.9452,0.45699,1.78763,0.8398,0.94851,0.00054449,0.00054449,0.00054449
84,1549.47,1.71703,1.03267,0.93075,0.96736,0.88214,0.94067,0.44856,1.79587,0.83937,0.9506,0.000538935,0.000538935,0.000538935
85,1566.45,1.73597,1.07645,0.92666,0.96229,0.87756,0.93942,0.44629,1.80268,0.85735,0.95349,0.00053338,0.00053338,0.00053338
86,1584.66,1.6884,1.01345,0.91826,0.94,0.88563,0.92451,0.43506,1.80759,0.86536,0.95539,0.000527825,0.000527825,0.000527825
87,1602.8,1.68227,1.02438,0.92505,0.96061,0.9053,0.95264,0.46135,1.73236,0.83554,0.94242,0.00052227,0.00052227,0.00052227
88,1618.52,1.67342,1.0235,0.9138,0.96525,0.91014,0.95314,0.46539,1.74646,0.80284,0.94386,0.000516715,0.000516715,0.000516715
89,1639.64,1.68559,1.01881,0.92131,0.95416,0.89897,0.944,0.45717,1.75733,0.81312,0.94577,0.00051116,0.00051116,0.00051116
90,1657.49,1.65787,0.98782,0.91773,0.96825,0.86878,0.93638,0.46176,1.76479,0.82505,0.95167,0.000505605,0.000505605,0.000505605
91,1670.9,1.71935,1.06121,0.91658,0.95763,0.90288,0.94215,0.46819,1.75321,0.81981,0.94931,0.00050005,0.00050005,0.00050005
92,1693.04,1.69105,1.02106,0.91614,0.95944,0.89514,0.93951,0.45872,1.75195,0.80686,0.94368,0.000494495,0.000494495,0.000494495
93,1710.47,1.70299,1.03114,0.91553,0.94418,0.88736,0.93729,0.44971,1.80021,0.8292,0.954,0.00048894,0.00048894,0.00048894
94,1728.77,1.6749,1.00457,0.91629,0.92681,0.91567,0.94588,0.45884,1.75383,0.82253,0.94702,0.000483385,0.000483385,0.000483385
95,1745.97,1.67684,1.02508,0.90479,0.96965,0.87858,0.94648,0.46429,1.7588,0.82222,0.94305,0.00047783,0.00047783,0.00047783
96,1763.97,1.71341,1.06437,0.90645,0.95067,0.90482,0.94788,0.4634,1.74689,0.8127,0.94533,0.000472275,0.000472275,0.000472275
97,1781.17,1.65453,0.99167,0.91496,0.95312,0.8895,0.94428,0.44631,1.80779,0.84836,0.95427,0.00046672,0.00046672,0.00046672
98,1797.98,1.69456,1.03658,0.92306,0.95199,0.91128,0.94618,0.46862,1.7325,0.80244,0.93946,0.000461165,0.000461165,0.000461165
99,1815.58,1.6838,1.01888,0.92363,0.95905,0.89614,0.95026,0.45561,1.77038,0.83207,0.94805,0.00045561,0.00045561,0.00045561
100,1833.62,1.67078,1.02905,0.91043,0.93343,0.91333,0.95439,0.46974,1.73523,0.8265,0.94711,0.000450055,0.000450055,0.000450055
101,1850.84,1.66028,0.97809,0.92203,0.95544,0.90607,0.94753,0.46862,1.70956,0.81222,0.94118,0.0004445,0.0004445,0.0004445
102,1868.41,1.60967,0.98316,0.91658,0.9622,0.89895,0.94577,0.46534,1.74567,0.80937,0.94453,0.000438945,0.000438945,0.000438945
103,1885.42,1.6185,0.95874,0.90819,0.9705,0.90573,0.95292,0.45894,1.77391,0.81271,0.94669,0.00043339,0.00043339,0.00043339
104,1903.79,1.64358,0.98838,0.90696,0.93701,0.92248,0.94698,0.45136,1.79728,0.81149,0.951,0.000427835,0.000427835,0.000427835
105,1921.99,1.66949,1.05057,0.91313,0.94452,0.92387,0.94629,0.44456,1.78772,0.80478,0.95032,0.00042228,0.00042228,0.00042228
106,1940.06,1.59997,0.95741,0.89921,0.95018,0.91964,0.9468,0.46791,1.72582,0.79495,0.94396,0.000416725,0.000416725,0.000416725
107,1957.55,1.65212,1.00491,0.92223,0.9592,0.92084,0.95031,0.45844,1.76156,0.79876,0.94669,0.00041117,0.00041117,0.00041117
108,1974.7,1.59177,0.94833,0.90351,0.96482,0.91652,0.95055,0.46025,1.75245,0.79361,0.94674,0.000405615,0.000405615,0.000405615
109,1992.99,1.61874,0.98705,0.91035,0.95913,0.90688,0.94196,0.46367,1.74796,0.79259,0.94897,0.00040006,0.00040006,0.00040006
110,2011.97,1.63438,0.99786,0.90585,0.96328,0.90426,0.94772,0.4516,1.7744,0.79944,0.9521,0.000394505,0.000394505,0.000394505
111,2030.85,1.62495,0.95757,0.89967,0.96415,0.90489,0.9471,0.46409,1.734,0.80107,0.94738,0.00038895,0.00038895,0.00038895
112,2050.26,1.65666,1.00211,0.90661,0.96214,0.89637,0.94617,0.45339,1.79977,0.80991,0.95622,0.000383395,0.000383395,0.000383395
113,2069.67,1.63674,0.96028,0.8967,0.96897,0.90333,0.95134,0.46726,1.73533,0.78418,0.94352,0.00037784,0.00037784,0.00037784
114,2088.12,1.60759,0.97404,0.89975,0.95106,0.91685,0.94822,0.45996,1.75686,0.8001,0.94716,0.000372285,0.000372285,0.000372285
115,2107.2,1.59819,0.97184,0.90611,0.96529,0.91028,0.94658,0.46934,1.73795,0.77983,0.94784,0.00036673,0.00036673,0.00036673
116,2127,1.58198,0.93742,0.90268,0.9494,0.91527,0.94582,0.47297,1.72736,0.78447,0.94361,0.000361175,0.000361175,0.000361175
117,2147.75,1.56064,0.94027,0.90437,0.97032,0.89885,0.95666,0.47337,1.73129,0.77328,0.94342,0.00035562,0.00035562,0.00035562
118,2167.25,1.55305,0.89441,0.9026,0.94781,0.91845,0.95163,0.45708,1.7734,0.80992,0.94902,0.000350065,0.000350065,0.000350065
119,2186.93,1.58812,0.92863,0.90098,0.96812,0.91119,0.95585,0.46989,1.72598,0.77613,0.94071,0.00034451,0.00034451,0.00034451
120,2208.24,1.58567,0.93465,0.90754,0.96414,0.91909,0.95519,0.45805,1.74787,0.79791,0.94596,0.000338955,0.000338955,0.000338955
121,2228.35,1.57793,0.95723,0.89808,0.95298,0.9161,0.95118,0.46972,1.72252,0.78663,0.94067,0.0003334,0.0003334,0.0003334
122,2248.78,1.61231,0.99044,0.91458,0.9635,0.91567,0.94871,0.47048,1.72467,0.78199,0.94217,0.000327845,0.000327845,0.000327845
123,2269.53,1.57189,0.92912,0.89773,0.96786,0.91347,0.9532,0.47134,1.72832,0.78117,0.94409,0.00032229,0.00032229,0.00032229
124,2289.07,1.56894,0.9116,0.89681,0.96617,0.91355,0.94743,0.46581,1.75698,0.78543,0.94521,0.000316735,0.000316735,0.000316735
125,2308.48,1.55286,0.92969,0.88929,0.96057,0.89844,0.94756,0.44724,1.78749,0.79198,0.95173,0.00031118,0.00031118,0.00031118
126,2328.65,1.56806,0.95595,0.90877,0.95811,0.89189,0.93986,0.4422,1.82068,0.79981,0.95836,0.000305625,0.000305625,0.000305625
127,2347.77,1.56322,0.94049,0.90797,0.94733,0.92461,0.94824,0.45963,1.766,0.7864,0.94738,0.00030007,0.00030007,0.00030007
128,2366.94,1.54532,0.89397,0.89136,0.96294,0.90255,0.94258,0.45856,1.78026,0.79038,0.95211,0.000294515,0.000294515,0.000294515
129,2385.73,1.57,0.9282,0.89714,0.95589,0.90577,0.94232,0.46332,1.75509,0.79048,0.94909,0.00028896,0.00028896,0.00028896
130,2403.82,1.53535,0.85656,0.88966,0.95777,0.90135,0.94231,0.46988,1.73372,0.78354,0.94382,0.000283405,0.000283405,0.000283405
131,2421.76,1.54702,0.93501,0.88677,0.96957,0.90037,0.95042,0.4746,1.7186,0.77846,0.93963,0.00027785,0.00027785,0.00027785
132,2440.19,1.53345,0.87418,0.88618,0.95535,0.92037,0.95411,0.46532,1.74836,0.77765,0.94532,0.000272295,0.000272295,0.000272295
133,2459.49,1.59457,0.93333,0.89821,0.9573,0.91604,0.94921,0.46248,1.76299,0.78457,0.94874,0.00026674,0.00026674,0.00026674
134,2477.77,1.5452,0.94528,0.8883,0.95493,0.9182,0.94606,0.46043,1.77829,0.77884,0.95158,0.000261185,0.000261185,0.000261185
135,2495.88,1.52507,0.90387,0.88671,0.95981,0.9005,0.94253,0.45593,1.77677,0.78441,0.95173,0.00025563,0.00025563,0.00025563
136,2514.54,1.4943,0.88409,0.88504,0.96403,0.90411,0.94196,0.45432,1.78759,0.78833,0.95466,0.000250075,0.000250075,0.000250075
137,2534.1,1.53879,0.94104,0.90547,0.96281,0.9059,0.94663,0.46079,1.76806,0.77941,0.94995,0.00024452,0.00024452,0.00024452
138,2552.66,1.52305,0.92206,0.89402,0.95804,0.90487,0.94451,0.46068,1.75964,0.78162,0.94805,0.000238965,0.000238965,0.000238965
139,2571.12,1.49333,0.89481,0.88706,0.97262,0.91354,0.95604,0.47089,1.74499,0.76504,0.94523,0.00023341,0.00023341,0.00023341
140,2588.94,1.5221,0.90879,0.89075,0.95824,0.92556,0.95363,0.46358,1.76277,0.76734,0.94767,0.000227855,0.000227855,0.000227855
141,2607.68,1.51945,0.8955,0.8918,0.96516,0.91977,0.95275,0.46562,1.74553,0.76804,0.94929,0.0002223,0.0002223,0.0002223
142,2625.34,1.48343,0.869,0.89574,0.96988,0.90535,0.93982,0.46101,1.77454,0.7814,0.95312,0.000216745,0.000216745,0.000216745
143,2642.39,1.51178,0.88492,0.8868,0.97126,0.90451,0.94403,0.45591,1.76787,0.78444,0.94942,0.00021119,0.00021119,0.00021119
144,2660.13,1.48063,0.87211,0.88588,0.97162,0.91519,0.9513,0.4638,1.74667,0.7681,0.94836,0.000205635,0.000205635,0.000205635
145,2673.17,1.47545,0.87794,0.8872,0.97105,0.90481,0.94893,0.46264,1.76641,0.76484,0.95117,0.00020008,0.00020008,0.00020008
146,2698.18,1.47755,0.88313,0.88564,0.96882,0.90349,0.94408,0.46341,1.76861,0.7772,0.95278,0.000194525,0.000194525,0.000194525
147,2715.94,1.51977,0.91739,0.89589,0.95722,0.90716,0.94464,0.46313,1.7535,0.77774,0.94817,0.00018897,0.00018897,0.00018897
148,2733.59,1.465,0.86761,0.88351,0.9615,0.90393,0.94901,0.46072,1.75718,0.77769,0.9471,0.000183415,0.000183415,0.000183415
149,2752.49,1.52437,0.9234,0.89137,0.97175,0.90387,0.95004,0.46594,1.74781,0.75571,0.94578,0.00017786,0.00017786,0.00017786
150,2770.18,1.4855,0.89184,0.89732,0.97192,0.89871,0.94934,0.45935,1.76718,0.7722,0.9502,0.000172305,0.000172305,0.000172305
151,2787.94,1.45106,0.85223,0.88406,0.96479,0.90245,0.95079,0.46996,1.73936,0.76271,0.94641,0.00016675,0.00016675,0.00016675
152,2806.52,1.50515,0.88463,0.88131,0.96792,0.90708,0.95681,0.45863,1.76963,0.76181,0.94931,0.000161195,0.000161195,0.000161195
153,2825.32,1.46511,0.86219,0.88681,0.97439,0.90674,0.95402,0.47392,1.72386,0.76096,0.94334,0.00015564,0.00015564,0.00015564
154,2843.37,1.44301,0.85646,0.89085,0.97511,0.90869,0.95273,0.46088,1.77748,0.76586,0.95097,0.000150085,0.000150085,0.000150085
155,2861.14,1.46157,0.87861,0.89084,0.97078,0.91069,0.94912,0.46016,1.77516,0.76548,0.95053,0.00014453,0.00014453,0.00014453
156,2880.02,1.48071,0.86263,0.88379,0.97703,0.92162,0.95448,0.47251,1.74724,0.75332,0.94618,0.000138975,0.000138975,0.000138975
157,2897.93,1.41582,0.83508,0.87292,0.97142,0.91971,0.95152,0.46737,1.76142,0.76887,0.94831,0.00013342,0.00013342,0.00013342
158,2916.04,1.45159,0.82835,0.88099,0.97639,0.9188,0.95003,0.46753,1.76583,0.76189,0.94798,0.000127865,0.000127865,0.000127865
159,2934.24,1.44708,0.85298,0.8777,0.96538,0.91267,0.94582,0.45702,1.78286,0.75963,0.95084,0.00012231,0.00012231,0.00012231
160,2952.27,1.39766,0.79804,0.87912,0.97569,0.92194,0.95522,0.46717,1.76018,0.75871,0.94723,0.000116755,0.000116755,0.000116755
161,2970.26,1.42686,0.82952,0.86988,0.97244,0.91709,0.95236,0.46245,1.76613,0.7649,0.95046,0.0001112,0.0001112,0.0001112
162,2988.99,1.43241,0.84541,0.88141,0.9687,0.91951,0.95143,0.46851,1.75427,0.75591,0.95026,0.000105645,0.000105645,0.000105645
163,3006.38,1.40139,0.82207,0.87526,0.96826,0.91515,0.95047,0.46845,1.74868,0.75538,0.94818,0.00010009,0.00010009,0.00010009
164,3025.17,1.45217,0.85157,0.88055,0.97256,0.91389,0.95264,0.4728,1.73943,0.75422,0.94509,9.4535e-05,9.4535e-05,9.4535e-05
165,3043.21,1.41836,0.83135,0.87469,0.96268,0.91249,0.94335,0.46409,1.76195,0.76031,0.94891,8.898e-05,8.898e-05,8.898e-05
166,3061.78,1.43486,0.87308,0.8796,0.96333,0.91708,0.94676,0.46381,1.77196,0.7672,0.94989,8.3425e-05,8.3425e-05,8.3425e-05
167,3079.92,1.43419,0.84435,0.8802,0.95459,0.91184,0.94101,0.4613,1.77537,0.76412,0.95123,7.787e-05,7.787e-05,7.787e-05
168,3098.63,1.40473,0.82473,0.87302,0.9679,0.91478,0.94819,0.46521,1.75767,0.76115,0.94829,7.2315e-05,7.2315e-05,7.2315e-05
169,3112.37,1.41188,0.82005,0.87448,0.97143,0.91824,0.95025,0.4617,1.76305,0.76147,0.94904,6.676e-05,6.676e-05,6.676e-05
170,3135.67,1.4034,0.83033,0.87612,0.96466,0.92356,0.94902,0.46464,1.75166,0.75508,0.94792,6.1205e-05,6.1205e-05,6.1205e-05
171,3155.35,1.1543,0.57494,0.8492,0.96438,0.91773,0.94629,0.45779,1.76682,0.75756,0.94988,5.565e-05,5.565e-05,5.565e-05
172,3171.74,1.14666,0.55689,0.85272,0.96392,0.91168,0.94161,0.45315,1.78728,0.75867,0.95437,5.0095e-05,5.0095e-05,5.0095e-05
173,3188.49,1.17217,0.57445,0.85453,0.96559,0.91808,0.94342,0.45661,1.78868,0.75642,0.95467,4.454e-05,4.454e-05,4.454e-05
